csv_id,adult,id,imdb_id,original_language,overview,Unnamed: 10,Unnamed: 11,popularity,release_date,runtime,status,tagline,title,vote_average,vote_count,poster_path,genre
45005,FALSE,432615,tt6333054,en,"Coral reefs are the nursery for all life in the oceans, a remarkable ecosystem that sustains us. Yet with carbon emissions warming the seas, a phenomenon called coral bleachingâ sign of mass coral deathâhe has been accelerating around the world, and the public has no idea of the scale or implication of the catastrophe silently raging underwater.",,,1.251518,3/16/17,93,Released,,Chasing Coral,8.7,14,https://image.tmdb.org/t/p/original/c1RxAfjPsSWV1PxuxnJM9BXMTFP.jpg,Documentary
45006,FALSE,433067,tt5875666,en,"A groundbreaking film that portrays the journey of Gigi Lazzarato, a fearless woman who began life as Gregory, posting fashion videos to YouTube from his bedroom, only to later come out as a transgender female. With never-before-seen personal footage, the film spotlights a family unwavering love for a child.",,,0.343367,1/24/17,91,Post Production,,This Is Everything: Gigi Gorgeous,5.3,3,https://image.tmdb.org/t/p/original/BbL1CHIKYIOY7wi3xEKWDxR4RK.jpg,Documentary
45009,FALSE,430834,tt6290202,en,"Uncovering the profiteering of the state''s water barons and how they affect farmers, average citizens, and unincorporated towns throughout California.",,,0.225292,1/23/17,87,Post Production,,Water & Power: A California Heist,7.5,2,https://image.tmdb.org/t/p/original/mgxvMjVTCPVu2izLJjUqgs6bDWN.jpg,Documentary
45010,FALSE,415086,tt5541848,en,"What the Health is a ground breaking feature length documentary from the award-winning filmmakers of Cowspiracy, that follows the exciting journey of intrepid filmmaker, Kip Andersen, as he uncovers the impacts of highly processed industrial animal foods on our personal health and  greater community, and explores why leading health organizations continue to promote the industry despite countless medical studies and research showing deleterious effects of these products on our health.",,,7.754452,3/16/17,97,Released,,What the Health,7.9,46,https://image.tmdb.org/t/p/original/4gfJUbwkByWNPlqDxuV1SvsdHKA.jpg,Documentary
45011,FALSE,433084,tt6333072,en,"When the Chinese Communist Party backtracks on its promise of autonomy to Hong Kong, teenager Joshua Wong decides to save his city. Rallying thousands of kids to skip school and occupy the streets, Joshua becomes an unlikely leader in Hong Kong and one of China most notorious dissidents.",,,0.592573,1/20/17,78,Released,,Joshua: Teenager vs. Superpower,6.9,7,https://image.tmdb.org/t/p/original/iYbVLaNHnfyR53hOHNosUKADPJ2.jpg,Documentary
45012,FALSE,422842,tt6203026,en,"Former prosecutor-turned-therapist Hailey Dean is a powerhouse, Mensa bright, and acutely observant. During a tragic week, one of her patients loses her parents to separate fatal accidents along with millions of dollars that has seemingly vanished into thin air. When the police begin to question Hailey''s patient, shes knows she is innocent. But who is the culprit?",,,0.223859,10/23/16,90,Released,,"Hailey Dean Mystery: Murder, With Love",6,1,https://image.tmdb.org/t/p/original/2vlRtD1ApgW49YW5qDndy16XU6Z.jpg,"TVMovie, Mystery"
45014,FALSE,455675,tt6334884,en,"Legendary Lawman and Gunslinger Wild Bill Hickok, is tasked with taming the wildest cow-town in the West, while delivering his own brand of frontier Justice and infamous gunfighter''s reputation as the fastest draw in the West is put to the test",,,2.747249,7/7/17,88,In Production,,Hickok,5,9,https://image.tmdb.org/t/p/original/8px66iPQEfw5CRp8DwyQp46oynE.jpg,Western
45015,FALSE,345916,tt4723724,en,"When a gay couple''s impending wedding hits a snag, the grooms must rely on their friends and family to see them through.",,,0.814903,7/7/17,92,Released,,Do You Take This Man,0,0,https://image.tmdb.org/t/p/original/nZdifMku2bcZKZCu7xyrVEU09Le.jpg,Drama
45016,FALSE,353491,tt1648190,en,"The last Gunslinger, Roland Deschain, has been locked in an eternal battle with Walter O, also known as the Man in Black, determined to prevent him from toppling the Dark Tower, which holds the universe together. With the fate of the worlds at stake, good and evil will collide in the ultimate battle as only Roland can defend the Tower from the Man in Black.",,,50.903593,8/3/17,95,Released,There are other worlds than these,The Dark Tower,5.7,688,https://image.tmdb.org/t/p/original/ddVPZgCrJisjMfqluy2yNn0M2i2.jpg,"Action, Western, ScienceFiction, Fantasy, Horror"
45017,FALSE,458335,tt3332372,pt,,,,0.270556,7/6/17,,Released,,Soundtrack,0,0,https://image.tmdb.org/t/p/original/i9GUSgddIqrroubiLsvvMRYyRy0.jpg,Drama
45018,FALSE,369406,tt4836736,en,"A year after the boys crossed dimensions, discovered magic and battled the restoring demon, they are back home in Bremin and are struggling with everyday teenage life. Felix has high hopes for the four heroes. He wants them to push the limits of their magical ability, working as a team to become masters of the arcane. But although he''s unwilling to admit it, the boys have grown apart. The boys, once in perfect magical and elemental alignment, are a tangle of rivalry and distrust.  On the verge of separating, the Nowhere Boys are drawn together for one last spell when Felix discovers a magically sealed ''Book of Shadows''. Unwittingly this releases a powerful force of chaos, and the gang is reluctantly drawn into a showdown that threatens their world and all they love...",,,1.301415,1/1/16,80,Released,,Nowhere Boys: The Book of Shadows,5.4,10,https://image.tmdb.org/t/p/original/qqYrHnstbeUa7CnTNzfxMpq2vLx.jpg,ScienceFiction
45020,FALSE,290283,tt3159818,en,"In Brixton, London, 15-year-old Layla gets sucked into gang activity.",,,0.309684,5/8/15,93,Released,,Honeytrap,5.5,2,https://image.tmdb.org/t/p/original/n97zRq5ILhAFpgFSXMUsPsOkYQ6.jpg,"Romance, Drama, Crime"
45021,FALSE,351192,tt2296747,fr,"In may 1940, the German troops enter France. Frightened by the progress of the enemy, the people of a small village of Pas-de-Calais decide on the recommendations of the prefecture, to give up everything to go on the road, fleeing to the coast.",,,2.793913,11/4/15,114,Released,,Come What May,5.5,13,https://image.tmdb.org/t/p/original/sg7IMop8ClU5QmZVE9PBVOhd3dn.jpg,"War, Drama"
45034,FALSE,16839,tt0179835,en,"Six London school-leavers attempt to make it in the world, balancing the challenge of trying to make a name for themselves in the music industry against the pressures and tragedies of everyday life.",,,0.50008,10/1/99,117,Released,Time starts here...,G:MT Greenwich Mean Time,5,6,https://image.tmdb.org/t/p/original/fG2SZwAAY4mNscLfvSiKyBxaVQy.jpg,"Crime, Drama"
45038,FALSE,404733,tt1935194,en,"Master car thieves square off against French gangsters in the South of France with money, women and lives all on the line.",,,24.124945,6/29/17,93,Released,,Overdrive,6.2,76,https://image.tmdb.org/t/p/original/walR4ri5Fj4oyVojZOR5VIeqrZZ.jpg,"Thriller, Action"
45039,FALSE,77519,tt0214878,fr,French philosopher Denis Diderot produces the first encyclopedia while indulging in 18th-century decadence.,,,1.434689,3/15/00,100,Released,,The Libertine,6.4,4,https://image.tmdb.org/t/p/original/a0hTRjis1cxwmjOuBaS7WdDG3dj.jpg,"History, Comedy"
45042,FALSE,114146,tt0002113,fr,"A science fantasy film that deals with an extraordinary race to the north pole by rival parties of balloonists. Based on the novel ""The Adventures of Captain Hatteras"" by Jules Verne.",,,0.462066,1/1/12,33,Released,,The Conquest of the Pole,6.6,5,https://image.tmdb.org/t/p/original/pRecX1Ekr1CSyly2VToB4X5BoxG.jpg,"Adventure, Comedy, ScienceFiction"
45044,FALSE,80303,tt0296236,ja,"Comedy about a group of chemistry students who organize a cheating scam during their final exams. Amuro Namie, the top pop music sensation, plays one of the students.",,,0.142684,8/10/96,98,Released,,That''s Cunning! Shijo Saidai no Sakusen?,5.5,4,https://image.tmdb.org/t/p/original/xIjplbyfFDbHsN7ZK40klO5nnUw.jpg,Comedy
45046,FALSE,382751,tt5140182,en,"Set against a backdrop of the Israeli-Palestinian conflict, Palestinian rapper Kareem and his singer girlfriend Manar struggle, love and make music in their crime-ridden ghetto and Tel Aviv''s hip-hop club scene.",,,0.233651,2/13/16,97,Released,,Junction 48,8,2,https://image.tmdb.org/t/p/original/x5K8dpvgb3C3GtCtQWo1PhUkXGP.jpg,"Drama, Action, Crime"
45048,FALSE,401132,tt5720450,en,"Aliens invade, this time delivering a clear ultimatum. The fate of humanity hangs in the balance as the U.S. President and citizens decide if these aliens are to be trusted ...or feared.",,,1.565396,6/7/16,91,Released,"The revolution begins, again!",Independents'' Day,3.9,25,https://image.tmdb.org/t/p/original/8zeLG0rMdisgJuby8ClFA4Vmzpz.jpg,"Action, ScienceFiction"
45051,FALSE,260969,tt0096503,ru,Drama film about different lifes of twin brothers.,,,0.102196,1/1/88,101,Released,,Kerosene Salesman''s Wife,7,2,https://image.tmdb.org/t/p/original/aMOR9OtWaH3v4Ui7Hq5Rx0TEFUA.jpg,Drama
45053,FALSE,65104,tt0466103,en,"The genre of the film DUST could be called fantastic realism or existential drama with elements of the fantastic. Dust means the haste in which people live. Dust is a common misconception, the natural clogging up of the brain. Specks of dust how scientists perceive people, scientists who think they know more than anyone else about the universe.",,,0.901892,6/17/05,107,Released,,Dust,5.4,9,https://image.tmdb.org/t/p/original/iJLXLPUAfifEMXx1FTtZBzAYnYI.jpg,"Comedy, Drama, ScienceFiction"
45058,FALSE,194097,tt0073566,it,"Betrayed by his girl and best friend, thief Harry Chapman (Lee Van Cleef) takes the fall for a racetrack robbery. While in prison, he is offered a chance to participate in an escape plan. What he doesn''t know is that once he is on the outside, the group responsible for the prison break has Harry in their debt and they use him as a hit-man. Naturally, he grows tired of the job and splits because he is hellbent on getting revenge on the former partners. So the mob puts young hit-man Luc (Robert Widmark) on Harry''s trail.",,,0.003748,11/30/77,85,Released,,The Perfect Killer,0,0,https://image.tmdb.org/t/p/original/pDhtvE8yJeqRwm9zrQxUJkLi2YI.jpg,"Action, Crime"
45067,FALSE,54988,tt0251613,en,"Tony Palmer''s film, thought lost for almost 40 years, about Leonard Cohen''s 1972 European tour, has now been pieced together from almost 3,000 fragments and restored to its former glory. A unique record of a major poet and singer/songwriter at the height of his powers.",,,1.00E-06,7/5/74,105,Released,,Bird on a Wire,6,2,https://image.tmdb.org/t/p/original/itjxxb8I1TfK1H3TGvrs5aJDM9a.jpg,Documentary
45080,FALSE,465044,tt5943940,en,"A horror comedy spoofing conspiracy theory moves, girl victim films, and Alien Grey abduction movies.  Melissa rescues a young woman from a mental hospital where no-one believes she is a victim of abduction by aliens. She and a colleague try to prevent the aliens from taking her but a government agent seems to be hot on her trail, and the Alien Greys and their powerful leader, The Hive Queen have no intention of being stopped. An outrageous mix of graphic horror and dark twisted humor.",,,0.281008,6/28/17,90,Released,Horrifically Funny,Abduction,0,0,https://image.tmdb.org/t/p/original/j98A5tig35OQhVuuS01s0jAmtLx.jpg,"Fantasy, Drama"
45081,FALSE,390747,tt4820284,en,"How do you put a life into 500 words? Ask the staff obituary writers at the New York Times. OBIT is a first-ever glimpse into the daily rituals, joys and existential angst of the Times obit writers, as they chronicle life after death on the front lines of history.",,,1.728108,4/26/17,93,Released,An inside look at life on the New York Times obituaries desk.,Obit,5.3,3,https://image.tmdb.org/t/p/original/6wr5AWNoyXM08Q3NoQXJ3JWCuYP.jpg,Documentary
45082,FALSE,76498,tt0405963,en,"This film is about the ""outlaw"" country music movement of the 70s, when artists rejected the glossy, strings filled Nashville sound and made poignant, gritty music. Guy Clark, David Allen Coe, Charlie Daniels and more are featured. Townes Van Zandt really steals the show, though. Out in his ratty trailer he''s shown drinking whiskey and shooting bb guns. He sits down in the kitchen and plays some songs for his girlfriend and his elderly black neighbor, Uncle Seymour Washington (whose interactions with Townes are amazing) and plays some of the most amazing music you''ll ever hear. There are also some great scenes of a little local ensemble playing in a bar. This is a must-see film for fans of Real Country Music.",,,0.113782,5/1/76,92,Released,The best music and the best whiskey come from the same part of the country.,Heartworn Highways,8.3,2,https://image.tmdb.org/t/p/original/bzYtco1xsZHnbVIuRraRT8YCXdF.jpg,"Documentary, Music"
45084,FALSE,422005,tt5262450,fi,,,,0.055407,10/19/16,75,Released,,Tatu and Patu,0,0,https://image.tmdb.org/t/p/original/a6chKH9EV1txdyElSd8dwAVbiu7.jpg,"Comedy, Family"
45086,FALSE,297956,tt3323318,en,"Maarten is just a normal 16 year old boy. After school he likes to hang out in the park with his friends, listen to music, game with his best friend Stefan and go to the dance school as often as possible. His favourite dance partner is Roxanne. No one, especially Roxanne, can know that Maarten is chronically ill. He has a serious metabolic disease and is not likely to grow old. Despite of his disease and worried parents, Maarten wants to live life to the fullest. When his body betrays him more often than not, he starts to realise that he may have to give up dancing.",,,0.274267,10/30/14,83,Released,Later starts now,Dansen op de vulkaan,7.2,6,https://image.tmdb.org/t/p/original/2cg4gjNTJvrndIFYoJlrLQ6YYfn.jpg,Drama
45088,FALSE,53456,tt1440146,fr,"A theater projectionist''s daughter is involved in the Resistance in WWII, but she doesn not share his political involvement &amp; only believes in passion. She follows the men she loves unconditionally, suffering betrayal and hardship.",,,0.313699,9/15/10,120,Released,,What War May Bring,6.1,5,https://image.tmdb.org/t/p/original/3ah6IdQZCERrd23dtfgjrUoM6q2.jpg,Drama
45099,FALSE,273202,tt1074985,ru,Baby Mammoth is looking for his Mom.,,,0.67668,6/1/81,8,Released,,Mother For Baby Mammoth,5.8,6,https://image.tmdb.org/t/p/original/sHN92A82QJ1Zlg6S9JqESSRZa81.jpg,Animation
45116,FALSE,93782,tt0346971,en,"Serial killers have plagued the American landscape for decades, committing gruesome atrocities, and providing some tough cases for criminal investigators to crack. This thriller follows the travails of two detectives who are on the trail of a bizarre murderer intent on slaughtering his victims, then using them as real-life puppets in a tale that he is trying to tell. The plot holds a key to the whereabouts of the monstrous deviant, but the detectives have to unravel it quickly before more unsuspecting citizens become theater fodder for the unhinged madman.",,,0.005023,3/15/03,94,Released,Destiny... there is no escape,Fate,0,0,https://image.tmdb.org/t/p/original/xAP4zYg1AbMhWB2JmFyfGldRHC8.jpg,"Drama, Thriller"
45130,FALSE,27208,tt0783849,en,"Bruno is waiting for his girlfriend Rosette to arrive at his apartment. He loves her deeply but is infuriated that she is at least 45 minutes late EVERY SINGLE TIME they are supposed to meet, leading him to wonder how can she love him if she is that selfish, and how he can respect himself for putting up with it. He makes a decision to terminate the relationship if she is that late this time.",,,1.172728,8/7/06,30,Released,,A Curtain Raiser,7.2,6,https://image.tmdb.org/t/p/original/gHdFnOmd4glbzvshAS4MJmaq1VP.jpg,"Drama, Action"
45144,FALSE,197210,tt0820136,en,"A Russian scientist creates a mind-reading weapon for his generals on a remote island. After the demonstration, the generals are pleased. Little do they realize, both the weapon, and the creator of the weapon have a mind of their own",,,0.742592,5/25/77,10,Released,,Polygon,7,6,https://image.tmdb.org/t/p/original/bzA5vjAYFTTz7iZoAywwXMLN9Aw.jpg,Animation
45148,FALSE,63449,tt0058423,ru,"In a romantic and philosophical tale of magic and love, a mischievous Sorcerer turns a bear into a young man. Unhappy in his new state, the former bear, with the help of the magician and his beautiful wife, is looking for a princess to kiss in order for his wish to be granted. Certain that all princesses are a vain, spoiled lot, he approaches the first one he sees. But the princess herself is gentle, kind and beautiful, and she and the young man fall in love with each other at the first sight. Unable to bring her pain, he runs away without explaining. As the Princess takes brave actions to find her beloved, new characters enter the story, including the King''s ambitious Prime Minister and a hunter looking for a bear fur to complete his collection. How will this complicated plot be resolved?",,,0.406559,12/1/64,99,Released,,Ordinary Wonder,0,0,https://image.tmdb.org/t/p/original/n8tsrPLem70exhXHfSausV7FlPx.jpg,"Drama, Romance, Fantasy, Comedy"
45149,FALSE,68180,tt0210740,en,"A young man, while out on a field trip, gets bitten by an ill looking person. When he comes back home he starts getting sick and a slow but steady degeneration begins in his body. He is turning into a zombie. He leaves his girlfriend and moves into his own place. In order to survive he needs to eat human flesh. Against his own consciense, he kills people and eats them in his living room. But things start getting worse as his degeneration progresses.",,,0.428261,1/1/98,79,Released,His soul was the last to go.,"I, Zombie: The Chronicles of Pain",5.3,4,https://image.tmdb.org/t/p/original/4F4pUTkT3pMrIdrAvTY5yvetK4Q.jpg,"Horror, Drama"
45152,FALSE,67431,tt0048109,fr,"After a spending the night with his girlfriend Alice (Jeanne Moreau), trucker Jean (Jean Gabin) encounters a dead body on the road home. He reports the incident to the police who suspect that Jean was responsible for the death and his new truck is impounded. To make matters worse, the man''s widow accuses Jean of having robbed her husband of a large amount of money that he was carrying. And then there''s that gang of sinister crooks who also are harassing him. Jean is a victim of circumstance and forces beyond his control are closing in on him. But Alice gives him a measure of comfort and stability. With her as his emotional base, he manages to rouse his trucker friends to turn the tables against the gangsters who are pursuing him.",,,0.383766,10/18/55,0,Released,,Hi-Jack Highway,0,0,https://image.tmdb.org/t/p/original/qsBBkrDZkJoD9xHm7dlMsqCjyUl.jpg,Drama
45153,FALSE,57413,tt1525915,es,"Is it possible to live aside of the system, thinking only about the present and oneself? A feature film about Manuel V, the best comic book author in Barcelona during the sixties, but, mainly, a man with a very particular way of living his life.",,,0.438456,9/24/10,106,Released,,The Great Vazquez,6.3,11,https://image.tmdb.org/t/p/original/fPksinC0KwGGI0VsUEHVlRYwvUH.jpg,Comedy
45158,FALSE,366071,tt2279314,en,A priest is recruited by federal marshals to help deal with a vampire they''ve taken into custody. Then things get weird.,,,0.016824,10/12/12,81,Released,Embrace the weird...,Enchiridion,0,0,https://image.tmdb.org/t/p/original/gU84M23dwakvYtcppMfTNFLmFbf.jpg,"Animation, Horror, Drama"
45167,FALSE,68063,tt1205600,it,,,,1.084856,3/19/08,98,Released,,Questa notte âˆšÂ® ancora nostra,5.5,31,https://image.tmdb.org/t/p/original/rWinmi3NrbUKc05TAS6bI1pqghF.jpg,Comedy
45170,FALSE,34671,tt0196811,pt,"Based upon the true story of Olga Ben, the German-born wife of Brazilian communist leader Luâ Carlos Prestes. During the dictatorship of Getâ Vargas (1930-1945) she was arrested and sent to Nazi Germany, where she was put to death in a concentration camp. After World War II began, Vargas decided to uphold the Allies.",,,1.620858,8/20/04,141,Released,,Olga,7,41,https://image.tmdb.org/t/p/original/fzsaNUcRH0cV2gg5rjQH83ZEI8M.jpg,"Drama, Foreign, History"
45171,FALSE,31486,tt0061087,en,"Nino Culotta is an Italian immigrant, newly arrived in Australia. Much of the story is taken up with Nino''s attempts to understand the aspirational values and social rituals of everyday urban Australians of the 1950''s and 60''s, and assimilate.",,,0.076113,8/18/66,112,Released,,They''re a Weird Mob,6.3,2,https://image.tmdb.org/t/p/original/2K0g91dSCYdIApEHq02Svglxg25.jpg,Comedy
45173,FALSE,428495,tt5540188,sv,"In Cairo, weeks before the 2011 revolution, Police Detective Noredin is working in the infamous Kasr el-Nil Police Station when he is handed the case of a murdered singer. He soon realizes that the investigation concerns the power elite, close to the President inner circle.",,,2.738426,7/12/17,106,Released,,The Nile Hilton Incident,7.3,32,https://image.tmdb.org/t/p/original/z4ppR4BpnXUQhIDIvQKTq0pAi6Z.jpg,"Thriller, Drama"
45176,FALSE,339692,tt4633690,en,A newly-released prison gangster is forced by the leaders of his gang to orchestrate a major crime with a brutal rival gang on the streets of Southern California.,,,15.786854,7/13/17,121,Released,Some criminals are made in prison,Shot Caller,6.9,324,https://image.tmdb.org/t/p/original/4aVwWSlH5WnZyoBEBZ2sdvfnVte.jpg,"Drama, Crime, Thriller"
45177,FALSE,389627,tt5574372,en,"Samuel Goldwyn Films, Titmouse, and Fathom Events are excited to bring the theatrical premiere of the animated film Nerdland, to cinemas nationwide for a special one night event! Aspiring actor John (Paul Rudd) and wannabe screenwriter Elliot (Patton Oswalt) are slacker best friends who have seen their dreams of stardom fizzle. With their 30th birthdays looming, they set out on a mission to become famous in the 24/7, celebrity-obsessed world. Through it all, our disheartened duo inadvertently become key witnesses in a high profile crime that sets the news cycle on fire, making them household names... but only if they can survive the infamy and worldwide shame.",,,2.609411,12/6/16,83,Released,,Nerdland,5.8,11,https://image.tmdb.org/t/p/original/qLmLz2wtyYvmW8Ult3l2ngOnW8v.jpg,Animation
45182,FALSE,298787,tt3720634,hi,"3 A.M. is a 2014 Hindi musical horror directed by Vishal Mahadkar, the film stars Rannvijay Singh, Anindita Nayar, Salil Acharya and Kavin Dave in lead roles.Amit sahani is an investment banker, single and ready to mingle. Mala is a free spirit who takes life as it comes.",,,0.353854,9/26/14,0,Released,,3 A.M,2.7,3,https://image.tmdb.org/t/p/original/dZgs1Ym7fe3fPxbeT5hq9XKLaDW.jpg,"Thriller, Horror"
45186,FALSE,461053,tt6014472,en,"When a D.E.A. and S.W.A.T. cartel takedown ends in a shootout, S.W.A.T. Agent Travis Hall seizes a mysterious prisoner taking him into custody. Before long, the S.W.A.T. compound is under siege by wave-after-wave of assault teams attempting to recover the prisoner known as âThe Scorpionâ for the tattoo blazed across his back. When Travis discovers that his prisoner is a Secret Ops double agent planted within the cartel, it up to him and his expert S.W.A.T. team to keep âThe Scorpionâ and his billion dollar secrets safe.",,,20.38691,8/1/17,89,Released,,S.W.A.T.: Under Siege,5.2,21,https://image.tmdb.org/t/p/original/fQq24L8ioUy3cHWPo8LheguicxF.jpg,"Action, Crime, Thriller"
45188,FALSE,345438,tt4208868,nl,"Roos is pretty, successful and in her early-thirties. Every time she dreams of marriage, she gets dumped. When she gets invites to weddings from people all around her, she takes her young intern Daan as her date. She puts herself in awkward situations en falls deeply in love with a handsome doctor. They say one marriage leads to the other, but is he the one she''ll say ""Yes, I do!"" to?",,,0.529403,10/15/15,96,Released,,"Ja, Ik Wil!",5.5,6,https://image.tmdb.org/t/p/original/v0S1wr7E4c436d57hygZvDoeUvR.jpg,"Comedy, Romance"
45193,FALSE,429524,tt5239972,en,"When drones arrive in a flash, slaughtering humanity and stripping the Earth of its resources, a small team of scientists hiding in Los Angeles works to expel the drone menace once and for all.",,,1.451207,3/30/16,0,Released,,Drone Wars,3,7,https://image.tmdb.org/t/p/original/qFNXHXNF5gbmqzOxR2wnqCMLLMp.jpg,"Action, ScienceFiction, Thriller"
45195,FALSE,104810,tt0171408,en,"A woman is forced to examine the emptiness of her life in this stark drama from the Soviet Union. Lena (Yevgenya Uralova) is a woman in her late twenties who loves her boyfriend (Aleksandr Belyavsky) but in time comes to see that their relationship serves no useful function. What''s more, she sees that her friends are for the most part empty-headed lackeys, causing her to wonder just what is the point of her life.",,,0.425701,6/6/66,107,Released,,July Rain,5.3,3,https://image.tmdb.org/t/p/original/61RuRbBTLM3Prjs1atvjplcazg7.jpg,"Drama, Romance"
45201,FALSE,279687,tt1253575,en,"The cut-scenes from Futurama (2003) (VG), edited together to form an episode. Mom attempts to take over the universe and it''s up to the Planet Express crew to stop her.",,,0.988667,6/24/08,30,Released,,Futurama: The Lost Adventure,7.9,10,https://image.tmdb.org/t/p/original/6oVIL0wnuBuQZkz2Dnc58FmCZkA.jpg,"Comedy, Animation"
45203,FALSE,385305,tt5003654,en,"A documentary exploring the birth, death and resurrection of illustrated movie poster art. Through interviews with a number of key art personalities from the 70s and 80s, as well as many modern, alternative poster artists, âTwenty-Four by Thirty-Sixâ aims to answer the question: What happened to the illustrated movie poster? Where did it disappear to, and why? In the mid 2000s, filling the void left behind by Hollywood abandonment of illustrated movie posters, independent artists and galleries began selling limited edition, screenprinted postersâ a movement that has quickly exploded into a booming industry with prints selling out online in seconds, inspiring Hollywood studios to take notice of illustration in movie posters once more.",,,0.397526,3/5/16,81,Released,A movie about movie posters.,24/36,8.1,7,https://image.tmdb.org/t/p/original/rjm7KaiLsEwRcxnlsaX9ryzzK1B.jpg,Documentary
45204,FALSE,440597,tt5322012,en,"A teenage girl discovers a box with magical powers, but those powers comes with a deadly price.",,,59.578823,7/7/17,90,Released,Be careful what you wish for,Wish Upon,5.3,127,https://image.tmdb.org/t/p/original/3pGFlpDBsLv0p6KPQLl53HVTbJp.jpg,"Fantasy, Horror, Thriller"
45205,FALSE,433711,tt3158690,en,"In a no holds barred documentary, acclaimed journalist Vicky O''Neil sets out on a quest to uncover the truth behind the murder of small town sweetheart Ally Andrews. What she uncovers, leads her down a dark and twisted rabbit hole into the world of superheroes where she gets the chance of a lifetime, an exclusive interview with Charge, the world''s Last Superhero. As he chronicles his mysterious origins and bloody career, Vicky begins to wonder, is he still the hero the world remembers, or has he become the villain we all should fear?",,,0.00022,,74,Released,,All Superheroes Must Die 2: The Last Superhero,4,1,https://image.tmdb.org/t/p/original/u0vnocj57vJt5DHoBEqUOD1G4SU.jpg,"Mystery, ScienceFiction"
45207,FALSE,419459,tt5737862,en,A teenager living with her sister and parents in Manhattan during the 1990s discovers that her father is having an affair.,,,1.811506,7/21/17,93,Released,1995. When people were harder to reach.,Landline,5.1,9,https://image.tmdb.org/t/p/original/94nCLn74lBh4pLdZPIad18BpheE.jpg,Comedy
45208,FALSE,407448,tt5390504,en,A police raid in Detroit in 1967 results in one of the largest citizens'' uprisings in the history of the United States.,,,9.797505,7/28/17,143,Released,It's time we knew,Detroit,7.3,67,https://image.tmdb.org/t/p/original/p7RVsyi67S95RyNJjX99E1MaOsA.jpg,"Thriller, Crime, Drama, History"
45209,FALSE,414453,tt5990474,en,"A Korean-born man finds himself stuck in Columbus, Indiana, where his architect father is in a coma. The man meets a young woman who wants to stay in Columbus with her mother, a recovering addict, instead of pursuing her own dreams.",,,1.309265,8/4/17,104,Post Production,,Columbus,6,4,https://image.tmdb.org/t/p/original/7APLVpsGzXPJw16ZuBtXICxq8B9.jpg,Drama
45210,FALSE,329005,tt3719452,en,The story of four adults with autism spectrum disorders as they search for and manage romantic relationships.,,,0.341701,4/15/15,76,Released,,Autism in Love,5.8,4,https://image.tmdb.org/t/p/original/1YM144vixTdsrCzSmGUjdsRmL4D.jpg,Documentary
45216,FALSE,438665,tt6491170,en,"The 2016 Reebok CrossFit Games were a grueling five-day, 15-event test to find the fittest man and woman on Earth. ""Fittest on Earth: A Decade of Fitness"" follows the dramatic story of the top athletes who qualified and competed and offers an inside look at what it takes to be among the world''s elite athletes, both in training and on the competition floor. The CrossFit Games challenge competitors to perform intense physical tasks, but the hardest part is sometimes mental. Athletes often learn the details of the events only minutes before they begin, and everyone handles the pressure differently. Which of these fierce competitors will rise to the top and earn the title of Fittest on Earth?",,,0.867259,2/1/17,116,Released,Fittest On Earth: A Decade Of Fitness,Fittest On Earth: A Decade Of Fitness,6,2,https://image.tmdb.org/t/p/original/8P6xZFSvSK2fxrVnhFdPYaNdihg.jpg,Documentary
45217,FALSE,437830,tt6194850,en,Lithuanian politics Tarantino style,,,0.184337,1/27/17,90,Released,,Zero 3,8.7,3,https://image.tmdb.org/t/p/original/fH5U8Rgql5UkDkkkRDNmuymzDhV.jpg,Thriller
45228,FALSE,332543,tt3620516,en,"On the surface, A Genius Leaves The Hood-The Unauthorized Story of Jay Z chronicles how hip-hop''s most successful rapper of the past two decades reached the top; but at its core, the film attempts to divulge the savvy and cunning business acumen of a mogul who decided that being at the top of the charts wasn''t enough. This 60-minute unauthorized biography explores the mind of a man who never played by the rules and admits it. This film uncovers the price Mr. Carter paid for his success through recent controversies including the racial debate of the Barneys deal, feud with Harry Belafonte and clashes with community activists over the construction of the Barclay Center. The film also explores rumors of association with the Illuminati, a highly publicized separation from the Roc-A-Fella crew, his estranged relationship with rapping mentor Jaz-O and break up with business partner Damon Dash.",,,0.325405,3/21/14,0,Released,,A Genius Leaves the Hood - The Unauthorized Story of Jay Z,6,2,https://image.tmdb.org/t/p/original/vg11iLI2cyluDO48Zc8CzXzNV9t.jpg,Documentary
45236,FALSE,433410,tt6354108,en,A bourgeois dog confesses how he was transformed from being a filmmaker to being four-legged.,,,0.079173,1/29/17,99,Released,,Self-criticism of a Bourgeois Dog,0,0,https://image.tmdb.org/t/p/original/4MCWcbDC9nGNY30y4Jy4B5WUAXb.jpg,Comedy
45237,FALSE,429039,tt5984026,fr,"In 1964, Che Guevara asked the young Jean Ziegler to stay in Switzerland to fight in the ""Monster brain"" capitalist. Since then, Jean Ziegler nerve stops fighting against injustices as a public writer, a speaker and as a Kofi Annan collaborator. During a trip to Cuba, his ideas are challenged by what he discover on the island.",,,0.087452,11/23/16,0,Released,,"Jean Ziegler, l''optimisme de la volontâˆšÂ©",0,0,https://image.tmdb.org/t/p/original/b9tECZJXzPTCepGulfuA5uGEuIo.jpg,Documentary
45238,FALSE,45592,tt0060410,en,"A twenty-minute, almost totally silent film (no dialogue or music, one ''shhh!'') in which Buster Keaton attempts to evade observation by an all-seeing eye. But, as the film is based around Bishop Berkeley''s principle ''esse est percipi'' (to be is to be perceived), Keaton''s very existence conspires against his efforts. This was Samuel Beckett''s only venture into the medium of cinema.",,,0.576055,9/4/65,20,Released,,Film,6.5,11,https://image.tmdb.org/t/p/original/miBb3nqT5F0ruLtZeHLV9pf9363.jpg,Drama
45239,FALSE,69483,tt0040498,en,"Julia and William were married and soon separated by his snobbish family. They meet again many years later, when their daughter he has raised invites her mother to her wedding, with the disapproval of William''s mother.",,,0.419679,8/8/48,99,Released,It''s daring! It''s delicious! It''s the gayest comedy-romance of the year!,Julia Misbehaves,6.8,3,https://image.tmdb.org/t/p/original/tPkgBEpq1Rx7wcTFEjZFRhbTLrd.jpg,"Comedy, Romance"
45242,FALSE,70609,tt0070649,de,Seven more first-hand accounts of sexual awakening amongst school girls in the early Seventies.,,,3.484932,4/13/73,86,Released,"Young, Willing and Oh So Eager to Please!",Schoolgirl Report Part 5: What All Parents Should Know,6.3,6,https://image.tmdb.org/t/p/original/fcpCBc2cDaeP23POjT44NnZZAkp.jpg,"Drama, Romance"
45255,FALSE,96823,tt1891892,nl,A famous game show host is being harassed in a restaurant by a strange man who claims to have kidnapped his wife and daughter. A morbid game ensues in which the game show host turns out to be the contestant.,,,1.031617,3/22/12,85,Released,Not every question has an answer,Quiz,5.5,11,https://image.tmdb.org/t/p/original/zoia9YSg82UNYbtum9QYjKSqdLw.jpg,"Drama, Thriller"
45258,FALSE,450875,tt6794424,en,"Twenty-five years after the verdict in the Rodney King trial sparked several days of protests, violence and looting in Los Angeles, LA 92 immerses viewers in that tumultuous period through stunning and rarely seen archival footage.",,,0.855198,4/28/17,114,Released,The past is prologue,LA 92,8.8,3,https://image.tmdb.org/t/p/original/qFGz9xVDNIgOpofZKe9uAkovssL.jpg,Documentary
45259,FALSE,56841,tt1711522,sv,The arrival of a new girl causes a stir in classroom social structure.,,,1.072412,9/24/10,85,Released,,A Thousand Times Stronger,5.7,5,https://image.tmdb.org/t/p/original/oT7OmkAoVnYDa8XbGipCEj6PVmN.jpg,Drama
45260,FALSE,417320,tt5117876,en,"When the pressure to be royal becomes too much for Mal, she returns to the Isle of the Lost where her archenemy Uma, Ursula''s daughter, has taken her spot as self-proclaimed queen.",,,15.842073,7/21/17,111,Released,Long live evil.,Descendants 2,7.5,171,https://image.tmdb.org/t/p/original/qoVfO9qiCzxEhtR3CV7id1Y2edW.jpg,"TVMovie, Family, Action, Comedy, Music, Adventure"
45267,FALSE,265189,tt2121382,sv,"While holidaying in the French Alps, a Swedish family deals with acts of cowardliness as an avalanche breaks out.",,,12.165685,8/15/14,118,Released,,Force Majeure,6.8,255,https://image.tmdb.org/t/p/original/4llqnynVFYThRJS4MuTtVPH4Muq.jpg,"Comedy, Drama"
45270,FALSE,277839,tt4531694,fr,"Franky and Krimo dream of leaving the grey grime of their neighborhood behind and of traveling to the famous and diabolical Thai beach resort of Pattaya. To get there cheaply, the two friends have the crazy idea of registering, unbeknownst to him, the local little person for the Thai Dwarf Boxing World Championship. But what was supposed to be a dream vacation will transform into the most insane and dangerous adventure of their lives.",,,5.613875,2/24/16,100,Released,,"Good Guys Go to Heaven, Bad Guys Go to Pattaya",5.3,153,https://image.tmdb.org/t/p/original/czoAC7AQKQb0CQDw7HYAsZu7XTq.jpg,Comedy
45272,FALSE,433471,tt6267732,en,A Pixar short about a lost-and-found box and the unseen monster within.,,,1.770297,6/16/17,6,Released,,Lou,8.5,17,https://image.tmdb.org/t/p/original/66t6Rl5G3VrOXq8iVFeMgqTwmcR.jpg,Animation
45273,FALSE,69727,tt0126301,en,"A cop relies on a young car thief to take down four gangsters, who plan to rob a rich merchant for a large amount of money.",,,0.350875,6/23/88,95,Released,,Final Justice,4.4,4,https://image.tmdb.org/t/p/original/4G2CdCQjtZYYurVuO38dAcnJYuJ.jpg,"Action, Comedy, Crime"
45279,FALSE,206277,tt2636806,en,"A series of snapshots from the life of a fictional actress named Shirley serves to weave together thirteen paintings by Edward Hopper (e.g. ""Office at Night"", ""Western Motel"", ""Usherette"", ""A Woman in the Sun"") into a fascinating synthesis of painting and film, personal and political history. Each station in Shirley professional and private life from the 1930s to 1960s is precisely dated: It is always August 28/29 of the year in question, as the locations vary from Paris to New York to Cape Cod.",,,0.967131,12/26/13,93,Released,,Shirley: Visions of Reality,7.2,10,https://image.tmdb.org/t/p/original/aYVzvSiiBFhnFZ5OByChSMp6tgm.jpg,Drama
45282,FALSE,60153,tt0794290,en,"Two young aspiring filmmakers, director Jaco and cameraman Pablo, travel from Katowice to Warsaw. During their journey, they talk about life and movies.",,,0.08482,5/2/06,89,Released,You gotta see it two to three times,Hi Way,7.5,2,https://image.tmdb.org/t/p/original/2uMsnWscxHQii4N4bept7sfMQ6c.jpg,"Comedy, Documentary"
45284,FALSE,280477,tt0167125,pl,"The feature film debut of director Marek Koterski. Thirty-year-old Adaâ Miauczy visits his parents, which ends with his nervous breakdown.",,,0.02541,9/10/85,93,Released,,The House of Fools,0,0,https://image.tmdb.org/t/p/original/lbYXJBsFaDn2BHjM6AhTb88DHXM.jpg,"Drama, Comedy"
45290,FALSE,36391,tt0095452,en,"A comedy. The story follows a young scientist in the contemporary world, who actually came from the world of dwarves, thanks to a magic potion, held by the Big Eater, ruler of the dwarves. The dwarf kingdom, Shuflandia, exists in a cellar of a library, and only the most obedient get the chance to grow to king size and inhabit the larger world. Once there, nobody wants to return to Shuflandia. Also, there are no women in Shuflandia.",,,0.529836,5/2/88,105,Released,,King Size,7.3,8,https://image.tmdb.org/t/p/original/tZ9yE8zutovEcXwARSv3RBugo6T.jpg,"ScienceFiction, Comedy, Fantasy"
45294,FALSE,31856,tt0172577,en,No overview found.,,,0.10628,4/30/71,70,Released,,Hydrozagadka,5.3,3,https://image.tmdb.org/t/p/original/dh2cH28u2yUrbIUbqfPJo8WBBnA.jpg,"Crime, Comedy"
45300,FALSE,24768,tt0113971,pl,"One day, hospital orderlies, watching corpse in the morgue, recognize film director. Man, even though he died, he begins to remember his life. He made a career making movies, had numerous mistresses, but never realized their dreams. His life was interspersed with many setbacks that enfeebled him from the inside. Although he made a career in film, he was not happy with his life.",,,0.483034,2/2/96,95,Released,,Nothing Funny,7.3,7,https://image.tmdb.org/t/p/original/39XK2XqrfGD6oF93RJN6jR99TOi.jpg,Comedy
45305,FALSE,78359,tt0086863,pl,"Thanks to the powers of magic, Adaâ Niezgâ is transported to the fairy tale land of Mr. Blot the protagonist of Jan Brzechwa classic book. Mr. Blot is a teacher and a magician in one. His lessons cannot be boring. Especially when bIotology is the subject. Ada learns about the miracles of the enchanted land, but also gets to know its dark secrets.",,,1.084496,1/30/84,166,Released,,Mister Blot''s Academy,6,5,https://image.tmdb.org/t/p/original/poqLzKggtMSr3qUPhcb5uFpCIz8.jpg,"Fantasy, Family"
45307,FALSE,36416,tt0794399,pl,"Adaâ Miauczy a Polish intelectual, has severe alcohol problems which affect his relationship with his son Sylwek.",,,0.351422,4/21/06,107,Released,,We''re All Christs,6.4,7,https://image.tmdb.org/t/p/original/2sTMumJQvlOLJg4QyM9rhJtXCNn.jpg,Drama
45310,FALSE,108331,tt1176931,es,"Dalia''s life changes when she has to face her ethnobotanist mother Alzheimer''s disease. This is a story of the chemistry of the brain, plants, and of human emotions; of the invisible bonds that unite the living with their dead and with nature, which belongs to us all; and about the Mexican herbalist heritage that tells which plants can help cure the soul.",,,0.567931,8/20/10,0,Released,,The Good Herbs,0,0,https://image.tmdb.org/t/p/original/5n1Y1URmbI2ZC7Vje4eHPdaGY1H.jpg,"Drama, Foreign"
45324,FALSE,112531,tt2004270,pl,"Ki is a young woman who no longer wants to live with the father of her child. She moves into a house in which lives Miko, a serious man who does not care for distractions. The responsibility of raising a child on her own comes up against the need to work and the wish to live a carefree life.",,,0.690042,9/30/11,94,Released,,My Name Is Ki,6.3,3,https://image.tmdb.org/t/p/original/kZZkbLP2WdttIH4IXOixQaLWBqX.jpg,Drama
45328,FALSE,120831,tt0018107,en,"In Imperial Russia, Anna Karenina falls in love with the dashing military officer Count Vronsky and abandons her husband and child to become his mistress.",,,0.664602,11/28/27,81,Released,Love Makes the World Go ''Round. It Will Spin Lots Faster After You See -- Love,Love,7.6,5,https://image.tmdb.org/t/p/original/jW8BCoRVXE5dhOQB1gqjZ0G7erS.jpg,Drama
45333,FALSE,366505,tt3655972,es,"Alma family has been producing quality olive oil in the Baix Maestrat area of Spain Castell for generations. Yet changing pressures in the industry have made their traditional practices economically untenable, and the family is now in the mass-production poultry business.  Alma grandfather has not spoken in years. Sadness envelopes him, and he no longer wants to eat. His sonsâAlma father and uncle are impatient with him, but Alma understands her grandfather. She realizes he has been grieving for a thousand-year-old olive tree that the family has uprooted and sold to pay some debts. (A sadly common reality in Castell at present.) Unable to bear the idea that her grandfather could die without seeing this terrible wrong corrected, Alma undertakes a quixotic mission to locate the tree and return it to the family orchard, so that her grandfather may have peace in his final days.",,,2.541633,5/6/16,96,Released,Never lose touch with your roots.,The Olive Tree,6.5,38,https://image.tmdb.org/t/p/original/oXRYqTF0AuvV3WVzgMPP4BIifcN.jpg,"Comedy, Drama"
45344,FALSE,199887,tt1771636,en,,,,0.704642,1/4/13,87,Released,,Over/Under,4,2,https://image.tmdb.org/t/p/original/tlYsLrYH1Qc1xDiv3H5EkUP6Wuc.jpg,Drama
45357,FALSE,24568,tt0061680,en,"Bertram Oliphant West (also known as Bo West) wants to clear his unjustly smeared reputation. He joins the Foreign Legion, with Simpson his manservant in tow. But the fort they get posted to is full of eccentric legionnaires, and there is trouble brewing with the locals too. Unbeknown to Bo, his lady love has followed him in disguise...",,,1.114848,9/1/67,95,Released,,Carry On Follow That Camel,6.1,19,https://image.tmdb.org/t/p/original/9jWkvwp9DNpUGAi57MiRwp3iYLJ.jpg,Comedy
45369,FALSE,449696,tt0105492,en,Wearied by his travels through time and space The Stranger has rejected his long-time companion and is in self-imposed exile on a barren planet. Can he ignore the pleas for help from the locals who are tormented by The Conjuror?,,,3.50E-05,1/1/91,34,Released,,The Stranger: Summoned by Shadows,0,0,https://image.tmdb.org/t/p/original/j20Xf7uCZzHMP90yIaVK0eZiGIZ.jpg,ScienceFiction
45370,FALSE,79927,tt0102691,en,"A less-than-qualified and far-from-perfect priest is mistakenly named the new pope. As the pontiff, he must deal with Vatican corruption, the Mob and the reappearance of his old lover.",,,9.015632,6/21/91,96,Released,Our Father who art in trouble...,The Pope Must Die,4.2,12,https://image.tmdb.org/t/p/original/aWnsJwOZB1ARhavpnh0O5ae8qWn.jpg,Comedy
45374,FALSE,42247,tt0478737,en,"Michael, an American professor teaching history at Moscow University, finances his passion for treasure hunting with competitive street racing. His racing nemesis Wolf becomes his ally as they both embark on a quest to search for a famous ancient Russian treasure.",,,0.23908,4/20/07,95,Released,Speed is part of the game...,Treasure Raiders,2.2,3,https://image.tmdb.org/t/p/original/niLX2txdI5GlVowJlnb5Hr26QpK.jpg,"Adventure, Drama, Action, Thriller, Foreign"
45383,FALSE,264269,tt2400314,ru,"Sveta and Maxim, a happy newlyweds, are moving to their hew apartment only to discover that there is something mysterious and wrong about their new building.",,,0.217441,3/13/14,90,Released,,Apartment 18,4.4,4,https://image.tmdb.org/t/p/original/r7tDHGsFzHY0YBCaaNctvAxZhpc.jpg,"Horror, Thriller, Mystery"
45394,FALSE,401687,tt5775814,en,"Hopeless romantic Matt (Brandon W. Jones) decides it time to pop the big question to his girlfriend, Alexis (Cassi Thomson). Before the big evening he practices his proposal on his best friend, Liz (Christa B. Allen). Matt believes if he follows the rules of all of his favorite romantic comedies he guaranteed a â""Yes!"" To Matt dismay, Alexis gently rejects him stating he only interested in the idea of being in love and not a real relationship. After this unexpected disaster, Matt binge watches one rom-com after another and comes up with plan to win Alexis back. Though Liz thinks Matt plan is absurd she agrees to be his wingman. The operation to rekindle his relationship appears to be working only for Matt to face the reality that he and Alexis may have grown apart and his heart belongs elsewhere.",,,0.253497,6/4/16,86,Released,,Hopeless Romantic,4.3,3,https://image.tmdb.org/t/p/original/fT3i5Yegn1gqoNsfV1utk1vwcvU.jpg,"TVMovie, Romance"
45395,FALSE,200066,tt0095150,en,"A woman, who has been the mistress of a man who has just died, thinks about leaving the little Italian village where they lived and moving to another place. An old and rich man offers her a place in his house, however, she will have to listen to him telling his past love stories.",,,0.138621,1/1/88,95,Released,,The Sparrow''s Fluttering,0,0,https://image.tmdb.org/t/p/original/c4v2ng9xfwt5dEP5T6ngeimozLu.jpg,"Drama, Romance"
45401,FALSE,280422,tt3805180,ru,,,,0.201582,6/5/14,0,Released,,All at Once,6,4,https://image.tmdb.org/t/p/original/rKOpJuwb7pTqYVShHM2tl25VxyF.jpg,"Crime, Comedy"
45402,FALSE,38326,tt1227796,ru,A mother loses her son during a winter visit to a remote town.,,,0.788614,8/12/08,137,Released,,Yuri''s Day,6.5,4,https://image.tmdb.org/t/p/original/hNsmPpl3zLG36jr4EIEd5P8I4pa.jpg,"Mystery, Drama"
45414,FALSE,63281,tt1718881,en,,,,0.121844,9/30/10,107,Released,,Pro Lyuboff,4,3,https://image.tmdb.org/t/p/original/uhw7kepObdt6HjBz6BajDYHMkkp.jpg,"Romance, Drama"
45420,FALSE,258907,tt0071450,en,"Born in Los Angeles but a New Yorker by choice, Barbara Hammer is a whole genre unto herself. Her pioneering 1974 short film Dyketactics, a four-minute, hippie wonder consisting of frolicking naked women in the countryside, broke new ground for its exploration of lesbian identity, desire and aesthetic. (from bfi.org.uk)",,,0.331254,1/1/74,4,Released,,Dyketactics,8,1,https://image.tmdb.org/t/p/original/qRW0hlQaeGAtz6YBgzUbv9o8YVA.jpg,Drama
45424,FALSE,63898,tt1110037,ru,"Failing to complete an important assignment without casualties, fearless crime fighters from an elite special service agency, masters of disguise and simply fun guys ""Velik"" and ""Koshka"" were demoted to serve in a department of a Drug Enforcement Agency...",,,0.039793,9/6/07,91,Released,,Antidur,1,1,https://image.tmdb.org/t/p/original/gcEuRXZrQk2hz4Ohx4MmBBAxhpX.jpg,"Action, Comedy, Crime, Foreign"
45440,FALSE,327237,tt3814486,nl,"Bloed, Zweet en Tranen (Blood, Sweat and Tears) is a story about the life of Andre Hazes, a Dutch populair singer. This movie shows three crucial phases in the life of Hazes: his youth (60''s), his breakthrough (80''s) and the last year of his life (early ''00).",,,0.590087,4/2/15,111,Released,The movie about Andre Hazes,"Blood, Sweat and Tears",6.8,11,https://image.tmdb.org/t/p/original/wJUJROdLOtOzMixkjkx1aaZGSLl.jpg,Drama
45441,FALSE,84710,tt0036975,en,"Paula the ape woman (Acquanetta) is alive and well, and running around a creepy old sanitarium run by the kindly Dr. Fletcher (J. Carrol Naish), also reverting to her true gorilla form every once in a while to kill somebody.",,,0.143223,6/1/44,61,Released,RAPTUROUS BEAUTY!...FURY OF A BEAST!,Jungle Woman,5.8,2,https://image.tmdb.org/t/p/original/aNrh6DfTngUvi7WdpTjLTPzYbTU.jpg,"Drama, Fantasy, Horror"
45442,FALSE,39562,tt0889600,en,"Pretty, popular, and slim high-schooler Aly Schimdt had plans of earning a sports scholarship to college but a knee injury ruins her chances. She decides to enter a documentary contest in the hopes of winning money for college. She believes that overweight people, like her mom and brother, seem to make excuses about how the world perceives them. So Aly decides to attend a rival high school as a heavily overweight person for the documentary, but not change her personality. Aly intends and hopes to prove that personality will outshine physical appearance. But when she''s met with ridicule, harassment, and name-calling she begins to see things differently.",,,0.767762,1/8/07,89,Released,,To Be Fat Like Me,5,12,https://image.tmdb.org/t/p/original/udZ3hvhC52su7UQrGsIyDxK7IQA.jpg,"Drama, Family, TVMovie"
45446,FALSE,44333,tt0135179,fr,"A bearded magician holds up a large playing card and makes it larger. He tears up a card of a queen, burns the torn bits, and a life-size Queen of Hearts card appears; then, it becomes alive. The magician puts her back into the card. The same thing happens with the King of Clubs: the card becomes alive. The king removes his costume, and there''s something very familiar about him. (IMDb)",,,0.208349,1/1/05,3,Released,,The Living Playing Cards,6.1,8,https://image.tmdb.org/t/p/original/9oqTGZcQf0UwsbA8mKPeJzPRJ5e.jpg,Fantasy
45452,FALSE,49280,tt0135453,fr,"A band-leader has arranged seven chairs for the members of his band. When he sits down in the first chair, a cymbal player appears in the same chair, then rises and sits in the next chair. As the cymbal player sits down, a drummer appears in the second chair, and then likewise moves on to the third chair. In this way, an entire band is soon formed, and is then ready to perform.",,,1.109068,1/1/00,1,Released,,The One-Man Band,6.5,22,https://image.tmdb.org/t/p/original/yU6byKhpzHG1RFpY5PYM6mfhfU1.jpg,"Fantasy, Action, Thriller"
45456,FALSE,420346,tt4130180,en,The Morning After is a feature film that consists of 8 vignettes that are inter-cut throughout the film. The 8 vignettes are about when you wake up next to someone the next morning...,,,0.139936,1/11/15,79,Released,What happened last night?,The Morning After,4,2,https://image.tmdb.org/t/p/original/zZwbntqdfKdVgzH1RoMHa99g0mJ.jpg,"Comedy, Drama"
45463,FALSE,439050,tt6209470,fa,Rising and falling between a man and woman.,,,0.072051,,90,Released,Rising and falling between a man and woman,Subdue,4,1,https://image.tmdb.org/t/p/original/fQC46NglNiEMZBv5XHoyLuOWoN5.jpg,"Drama, Family"
45465,FALSE,67758,tt0303758,en,"When one of her hits goes wrong, a professional assassin ends up with a suitcase full of a million dollars belonging to a mob boss ...",,,0.903007,8/1/03,90,Released,A deadly game of wits.,Betrayal,3.8,6,https://image.tmdb.org/t/p/original/xZkmxsNmYXJbKVsTRLLx3pqGHx7.jpg,"Action, Drama, Thriller"